Unit,States,Years,Count,Values
MEASURED IN $ / CWT,CALIFORNIA,2019,76,108
MEASURED IN $ / CWT,CALIFORNIA,2018,76,89.5
MEASURED IN $ / CWT,CALIFORNIA,2018,76,104
MEASURED IN $ / CWT,CALIFORNIA,2018,76,42.2
MEASURED IN $ / CWT,CALIFORNIA,2017,76,103
MEASURED IN $ / CWT,CALIFORNIA,2017,76,123
MEASURED IN $ / CWT,CALIFORNIA,2017,76,35
MEASURED IN $ / CWT,CALIFORNIA,2016,76,105
MEASURED IN $ / CWT,CALIFORNIA,2016,76,123
MEASURED IN $ / CWT,CALIFORNIA,2016,76,45.9
MEASURED IN $ / CWT,CALIFORNIA,2015,76,67.7
MEASURED IN $ / CWT,CALIFORNIA,2015,76,73.9
MEASURED IN $ / CWT,CALIFORNIA,2015,76,45.8
MEASURED IN $ / TON,CALIFORNIA,2018,4,730
MEASURED IN $ / TON,CALIFORNIA,2017,4,645
MEASURED IN CWT,CALIFORNIA,2018,38,0
MEASURED IN CWT,CALIFORNIA,2017,38,0
MEASURED IN CWT / ACRE,CALIFORNIA,2019,45,580
MEASURED IN CWT / ACRE,CALIFORNIA,2018,45,660
MEASURED IN CWT / ACRE,CALIFORNIA,2018,45,795
MEASURED IN CWT / ACRE,CALIFORNIA,2017,45,645
MEASURED IN CWT / ACRE,CALIFORNIA,2017,45,710
MEASURED IN CWT / ACRE,CALIFORNIA,2016,45,710
MEASURED IN CWT / ACRE,CALIFORNIA,2015,45,685
MEASURED IN LB,CALIFORNIA,2019,52,300
MEASURED IN LB,CALIFORNIA,2019,52,400
MEASURED IN LB,CALIFORNIA,2019,52,900
MEASURED IN LB,CALIFORNIA,2019,52,600
MEASURED IN LB,CALIFORNIA,2019,52,200
MEASURED IN LB,CALIFORNIA,2019,52,500
MEASURED IN LB,CALIFORNIA,2019,52,800
MEASURED IN LB,CALIFORNIA,2019,52,900
MEASURED IN LB,CALIFORNIA,2019,52,400
MEASURED IN LB,CALIFORNIA,2019,52,200
MEASURED IN LB,CALIFORNIA,2019,52,100
MEASURED IN LB,CALIFORNIA,2019,52,600
MEASURED IN LB,CALIFORNIA,2019,52,100
MEASURED IN LB,CALIFORNIA,2019,52,600
MEASURED IN LB,CALIFORNIA,2018,52,100
MEASURED IN LB,CALIFORNIA,2018,52,300
MEASURED IN LB,CALIFORNIA,2018,52,900
MEASURED IN LB,CALIFORNIA,2018,52,400
MEASURED IN LB,CALIFORNIA,2018,52,100
MEASURED IN LB,CALIFORNIA,2018,52,800
MEASURED IN LB,CALIFORNIA,2018,52,200
MEASURED IN LB,CALIFORNIA,2018,52,600
MEASURED IN LB,CALIFORNIA,2018,52,600
MEASURED IN LB,CALIFORNIA,2018,52,100
MEASURED IN LB,CALIFORNIA,2018,52,700
MEASURED IN LB,CALIFORNIA,2018,52,800
MEASURED IN LB,CALIFORNIA,2018,52,400
MEASURED IN LB,CALIFORNIA,2018,52,800
MEASURED IN LB,CALIFORNIA,2018,52,700
MEASURED IN LB,CALIFORNIA,2018,52,400
MEASURED IN LB,CALIFORNIA,2018,52,400
MEASURED IN LB,CALIFORNIA,2016,52,300
MEASURED IN LB,CALIFORNIA,2016,52,700
MEASURED IN LB,CALIFORNIA,2016,52,600
MEASURED IN LB,CALIFORNIA,2016,52,500
MEASURED IN LB,CALIFORNIA,2016,52,300
MEASURED IN LB,CALIFORNIA,2016,52,700
MEASURED IN LB,CALIFORNIA,2016,52,700
MEASURED IN LB / ACRE / APPLICATION,CALIFORNIA,2019,224,0.205
MEASURED IN LB / ACRE / APPLICATION,CALIFORNIA,2019,224,0.482
MEASURED IN LB / ACRE / APPLICATION,CALIFORNIA,2019,224,0.023
MEASURED IN LB / ACRE / APPLICATION,CALIFORNIA,2019,224,0.337
MEASURED IN LB / ACRE / APPLICATION,CALIFORNIA,2019,224,1.739
MEASURED IN LB / ACRE / APPLICATION,CALIFORNIA,2019,224,0.023
MEASURED IN LB / ACRE / APPLICATION,CALIFORNIA,2019,224,0.32
MEASURED IN LB / ACRE / APPLICATION,CALIFORNIA,2019,224,0.114
MEASURED IN LB / ACRE / APPLICATION,CALIFORNIA,2019,224,0.623
MEASURED IN LB / ACRE / APPLICATION,CALIFORNIA,2019,224,0.213
MEASURED IN LB / ACRE / APPLICATION,CALIFORNIA,2019,224,0.113
MEASURED IN LB / ACRE / APPLICATION,CALIFORNIA,2019,224,0.168
MEASURED IN LB / ACRE / APPLICATION,CALIFORNIA,2019,224,3.997
MEASURED IN LB / ACRE / APPLICATION,CALIFORNIA,2019,224,0.493
MEASURED IN LB / ACRE / APPLICATION,CALIFORNIA,2019,224,0.106
MEASURED IN LB / ACRE / APPLICATION,CALIFORNIA,2019,224,0.303
MEASURED IN LB / ACRE / APPLICATION,CALIFORNIA,2019,224,0.073
MEASURED IN LB / ACRE / APPLICATION,CALIFORNIA,2019,224,2.381
MEASURED IN LB / ACRE / APPLICATION,CALIFORNIA,2019,224,0.112
MEASURED IN LB / ACRE / APPLICATION,CALIFORNIA,2019,224,0.169
MEASURED IN LB / ACRE / APPLICATION,CALIFORNIA,2019,224,0.51
MEASURED IN LB / ACRE / APPLICATION,CALIFORNIA,2019,224,0.097
MEASURED IN LB / ACRE / APPLICATION,CALIFORNIA,2019,224,3.656
MEASURED IN LB / ACRE / APPLICATION,CALIFORNIA,2019,224,0.039
MEASURED IN LB / ACRE / APPLICATION,CALIFORNIA,2019,224,0.669
MEASURED IN LB / ACRE / APPLICATION,CALIFORNIA,2019,224,2.219
MEASURED IN LB / ACRE / APPLICATION,CALIFORNIA,2019,224,0.113
MEASURED IN LB / ACRE / APPLICATION,CALIFORNIA,2019,224,0.23
MEASURED IN LB / ACRE / APPLICATION,CALIFORNIA,2019,224,0.024
MEASURED IN LB / ACRE / APPLICATION,CALIFORNIA,2019,224,0.089
MEASURED IN LB / ACRE / APPLICATION,CALIFORNIA,2019,224,0.313
MEASURED IN LB / ACRE / APPLICATION,CALIFORNIA,2019,224,1.202
MEASURED IN LB / ACRE / APPLICATION,CALIFORNIA,2019,224,0.019
MEASURED IN LB / ACRE / APPLICATION,CALIFORNIA,2019,224,0.297
MEASURED IN LB / ACRE / APPLICATION,CALIFORNIA,2019,224,0.126
MEASURED IN LB / ACRE / APPLICATION,CALIFORNIA,2019,224,0.034
MEASURED IN LB / ACRE / APPLICATION,CALIFORNIA,2019,224,0.496
MEASURED IN LB / ACRE / APPLICATION,CALIFORNIA,2019,224,0.109
MEASURED IN LB / ACRE / APPLICATION,CALIFORNIA,2019,224,0.067
MEASURED IN LB / ACRE / APPLICATION,CALIFORNIA,2019,224,0.111
MEASURED IN LB / ACRE / APPLICATION,CALIFORNIA,2019,224,0.178
MEASURED IN LB / ACRE / APPLICATION,CALIFORNIA,2019,224,0.135
MEASURED IN LB / ACRE / APPLICATION,CALIFORNIA,2019,224,0.286
MEASURED IN LB / ACRE / APPLICATION,CALIFORNIA,2019,224,0.103
MEASURED IN LB / ACRE / APPLICATION,CALIFORNIA,2019,224,0.085
MEASURED IN LB / ACRE / APPLICATION,CALIFORNIA,2019,224,0.158
MEASURED IN LB / ACRE / APPLICATION,CALIFORNIA,2019,224,0.177
MEASURED IN LB / ACRE / APPLICATION,CALIFORNIA,2019,224,0.515
MEASURED IN LB / ACRE / APPLICATION,CALIFORNIA,2019,224,1.991
MEASURED IN LB / ACRE / APPLICATION,CALIFORNIA,2019,224,0.174
MEASURED IN LB / ACRE / APPLICATION,CALIFORNIA,2019,224,0.904
MEASURED IN LB / ACRE / APPLICATION,CALIFORNIA,2019,224,0.095
MEASURED IN LB / ACRE / APPLICATION,CALIFORNIA,2019,224,5.151
MEASURED IN LB / ACRE / APPLICATION,CALIFORNIA,2019,224,0.059
MEASURED IN LB / ACRE / APPLICATION,CALIFORNIA,2019,224,0.478
MEASURED IN LB / ACRE / APPLICATION,CALIFORNIA,2019,224,0.044
MEASURED IN LB / ACRE / APPLICATION,CALIFORNIA,2019,224,0.067
MEASURED IN LB / ACRE / APPLICATION,CALIFORNIA,2019,224,0.068
MEASURED IN LB / ACRE / APPLICATION,CALIFORNIA,2019,224,0.093
MEASURED IN LB / ACRE / APPLICATION,CALIFORNIA,2019,224,0.243
MEASURED IN LB / ACRE / APPLICATION,CALIFORNIA,2019,224,0.069
MEASURED IN LB / ACRE / APPLICATION,CALIFORNIA,2019,224,0.062
MEASURED IN LB / ACRE / APPLICATION,CALIFORNIA,2019,224,244.066
MEASURED IN LB / ACRE / APPLICATION,CALIFORNIA,2019,224,83.557
MEASURED IN LB / ACRE / APPLICATION,CALIFORNIA,2019,224,0.112
MEASURED IN LB / ACRE / APPLICATION,CALIFORNIA,2019,224,0.161
MEASURED IN LB / ACRE / APPLICATION,CALIFORNIA,2019,224,214.011
MEASURED IN LB / ACRE / APPLICATION,CALIFORNIA,2019,224,228.063
MEASURED IN LB / ACRE / APPLICATION,CALIFORNIA,2019,224,0.191
MEASURED IN LB / ACRE / APPLICATION,CALIFORNIA,2019,224,6
MEASURED IN LB / ACRE / APPLICATION,CALIFORNIA,2019,224,8
MEASURED IN LB / ACRE / APPLICATION,CALIFORNIA,2019,224,5
MEASURED IN LB / ACRE / APPLICATION,CALIFORNIA,2019,224,2
MEASURED IN LB / ACRE / APPLICATION,CALIFORNIA,2018,224,0.213
MEASURED IN LB / ACRE / APPLICATION,CALIFORNIA,2018,224,0.358
MEASURED IN LB / ACRE / APPLICATION,CALIFORNIA,2018,224,1.878
MEASURED IN LB / ACRE / APPLICATION,CALIFORNIA,2018,224,0.022
MEASURED IN LB / ACRE / APPLICATION,CALIFORNIA,2018,224,0.32
MEASURED IN LB / ACRE / APPLICATION,CALIFORNIA,2018,224,0.59
MEASURED IN LB / ACRE / APPLICATION,CALIFORNIA,2018,224,0.214
MEASURED IN LB / ACRE / APPLICATION,CALIFORNIA,2018,224,0.119
MEASURED IN LB / ACRE / APPLICATION,CALIFORNIA,2018,224,0.17
MEASURED IN LB / ACRE / APPLICATION,CALIFORNIA,2018,224,0.488
MEASURED IN LB / ACRE / APPLICATION,CALIFORNIA,2018,224,0.104
MEASURED IN LB / ACRE / APPLICATION,CALIFORNIA,2018,224,0.301
MEASURED IN LB / ACRE / APPLICATION,CALIFORNIA,2018,224,0.044
MEASURED IN LB / ACRE / APPLICATION,CALIFORNIA,2018,224,2.425
MEASURED IN LB / ACRE / APPLICATION,CALIFORNIA,2018,224,0.112
MEASURED IN LB / ACRE / APPLICATION,CALIFORNIA,2018,224,0.171
MEASURED IN LB / ACRE / APPLICATION,CALIFORNIA,2018,224,0.628
MEASURED IN LB / ACRE / APPLICATION,CALIFORNIA,2018,224,0.096
MEASURED IN LB / ACRE / APPLICATION,CALIFORNIA,2018,224,4.865
MEASURED IN LB / ACRE / APPLICATION,CALIFORNIA,2018,224,0.038
MEASURED IN LB / ACRE / APPLICATION,CALIFORNIA,2018,224,0.636
MEASURED IN LB / ACRE / APPLICATION,CALIFORNIA,2018,224,2.078
MEASURED IN LB / ACRE / APPLICATION,CALIFORNIA,2018,224,0.114
MEASURED IN LB / ACRE / APPLICATION,CALIFORNIA,2018,224,0.241
MEASURED IN LB / ACRE / APPLICATION,CALIFORNIA,2018,224,0.096
MEASURED IN LB / ACRE / APPLICATION,CALIFORNIA,2018,224,0.353
MEASURED IN LB / ACRE / APPLICATION,CALIFORNIA,2018,224,1.364
MEASURED IN LB / ACRE / APPLICATION,CALIFORNIA,2018,224,0.019
MEASURED IN LB / ACRE / APPLICATION,CALIFORNIA,2018,224,0.297
MEASURED IN LB / ACRE / APPLICATION,CALIFORNIA,2018,224,0.118
MEASURED IN LB / ACRE / APPLICATION,CALIFORNIA,2018,224,0.032
MEASURED IN LB / ACRE / APPLICATION,CALIFORNIA,2018,224,0.49
MEASURED IN LB / ACRE / APPLICATION,CALIFORNIA,2018,224,0.098
MEASURED IN LB / ACRE / APPLICATION,CALIFORNIA,2018,224,0.071
MEASURED IN LB / ACRE / APPLICATION,CALIFORNIA,2018,224,0.179
MEASURED IN LB / ACRE / APPLICATION,CALIFORNIA,2018,224,0.286
MEASURED IN LB / ACRE / APPLICATION,CALIFORNIA,2018,224,0.105
MEASURED IN LB / ACRE / APPLICATION,CALIFORNIA,2018,224,0.082
MEASURED IN LB / ACRE / APPLICATION,CALIFORNIA,2018,224,0.172
MEASURED IN LB / ACRE / APPLICATION,CALIFORNIA,2018,224,0.181
MEASURED IN LB / ACRE / APPLICATION,CALIFORNIA,2018,224,0.5
MEASURED IN LB / ACRE / APPLICATION,CALIFORNIA,2018,224,1.799
MEASURED IN LB / ACRE / APPLICATION,CALIFORNIA,2018,224,0.176
MEASURED IN LB / ACRE / APPLICATION,CALIFORNIA,2018,224,0.891
MEASURED IN LB / ACRE / APPLICATION,CALIFORNIA,2018,224,6.34
MEASURED IN LB / ACRE / APPLICATION,CALIFORNIA,2018,224,0.073
MEASURED IN LB / ACRE / APPLICATION,CALIFORNIA,2018,224,0.054
MEASURED IN LB / ACRE / APPLICATION,CALIFORNIA,2018,224,0.069
MEASURED IN LB / ACRE / APPLICATION,CALIFORNIA,2018,224,0.091
MEASURED IN LB / ACRE / APPLICATION,CALIFORNIA,2018,224,0.25
MEASURED IN LB / ACRE / APPLICATION,CALIFORNIA,2018,224,0.06
MEASURED IN LB / ACRE / APPLICATION,CALIFORNIA,2018,224,236.901
MEASURED IN LB / ACRE / APPLICATION,CALIFORNIA,2018,224,83.195
MEASURED IN LB / ACRE / APPLICATION,CALIFORNIA,2018,224,0.113
MEASURED IN LB / ACRE / APPLICATION,CALIFORNIA,2018,224,0.226
MEASURED IN LB / ACRE / APPLICATION,CALIFORNIA,2018,224,18
MEASURED IN LB / ACRE / APPLICATION,CALIFORNIA,2018,224,15
MEASURED IN LB / ACRE / APPLICATION,CALIFORNIA,2018,224,24
MEASURED IN LB / ACRE / APPLICATION,CALIFORNIA,2018,224,9
MEASURED IN LB / ACRE / APPLICATION,CALIFORNIA,2016,224,0.227
MEASURED IN LB / ACRE / APPLICATION,CALIFORNIA,2016,224,0.533
MEASURED IN LB / ACRE / APPLICATION,CALIFORNIA,2016,224,0.352
MEASURED IN LB / ACRE / APPLICATION,CALIFORNIA,2016,224,1.659
MEASURED IN LB / ACRE / APPLICATION,CALIFORNIA,2016,224,0.022
MEASURED IN LB / ACRE / APPLICATION,CALIFORNIA,2016,224,0.327
MEASURED IN LB / ACRE / APPLICATION,CALIFORNIA,2016,224,0.715
MEASURED IN LB / ACRE / APPLICATION,CALIFORNIA,2016,224,0.218
MEASURED IN LB / ACRE / APPLICATION,CALIFORNIA,2016,224,0.124
MEASURED IN LB / ACRE / APPLICATION,CALIFORNIA,2016,224,0.177
MEASURED IN LB / ACRE / APPLICATION,CALIFORNIA,2016,224,0.471
MEASURED IN LB / ACRE / APPLICATION,CALIFORNIA,2016,224,0.115
MEASURED IN LB / ACRE / APPLICATION,CALIFORNIA,2016,224,0.297
MEASURED IN LB / ACRE / APPLICATION,CALIFORNIA,2016,224,0.044
MEASURED IN LB / ACRE / APPLICATION,CALIFORNIA,2016,224,2.392
MEASURED IN LB / ACRE / APPLICATION,CALIFORNIA,2016,224,0.112
MEASURED IN LB / ACRE / APPLICATION,CALIFORNIA,2016,224,0.178
MEASURED IN LB / ACRE / APPLICATION,CALIFORNIA,2016,224,0.658
MEASURED IN LB / ACRE / APPLICATION,CALIFORNIA,2016,224,0.096
MEASURED IN LB / ACRE / APPLICATION,CALIFORNIA,2016,224,3.712
MEASURED IN LB / ACRE / APPLICATION,CALIFORNIA,2016,224,0.037
MEASURED IN LB / ACRE / APPLICATION,CALIFORNIA,2016,224,0.826
MEASURED IN LB / ACRE / APPLICATION,CALIFORNIA,2016,224,0.108
MEASURED IN LB / ACRE / APPLICATION,CALIFORNIA,2016,224,0.234
MEASURED IN LB / ACRE / APPLICATION,CALIFORNIA,2016,224,0.091
MEASURED IN LB / ACRE / APPLICATION,CALIFORNIA,2016,224,0.467
MEASURED IN LB / ACRE / APPLICATION,CALIFORNIA,2016,224,1.382
MEASURED IN LB / ACRE / APPLICATION,CALIFORNIA,2016,224,0.019
MEASURED IN LB / ACRE / APPLICATION,CALIFORNIA,2016,224,0.294
MEASURED IN LB / ACRE / APPLICATION,CALIFORNIA,2016,224,0.124
MEASURED IN LB / ACRE / APPLICATION,CALIFORNIA,2016,224,0.037
MEASURED IN LB / ACRE / APPLICATION,CALIFORNIA,2016,224,0.499
MEASURED IN LB / ACRE / APPLICATION,CALIFORNIA,2016,224,0.107
MEASURED IN LB / ACRE / APPLICATION,CALIFORNIA,2016,224,0.061
MEASURED IN LB / ACRE / APPLICATION,CALIFORNIA,2016,224,0.179
MEASURED IN LB / ACRE / APPLICATION,CALIFORNIA,2016,224,0.293
MEASURED IN LB / ACRE / APPLICATION,CALIFORNIA,2016,224,0.086
MEASURED IN LB / ACRE / APPLICATION,CALIFORNIA,2016,224,0.182
MEASURED IN LB / ACRE / APPLICATION,CALIFORNIA,2016,224,0.188
MEASURED IN LB / ACRE / APPLICATION,CALIFORNIA,2016,224,0.477
MEASURED IN LB / ACRE / APPLICATION,CALIFORNIA,2016,224,1.957
MEASURED IN LB / ACRE / APPLICATION,CALIFORNIA,2016,224,0.173
MEASURED IN LB / ACRE / APPLICATION,CALIFORNIA,2016,224,0.9
MEASURED IN LB / ACRE / APPLICATION,CALIFORNIA,2016,224,0.987
MEASURED IN LB / ACRE / APPLICATION,CALIFORNIA,2016,224,5.86
MEASURED IN LB / ACRE / APPLICATION,CALIFORNIA,2016,224,0.078
MEASURED IN LB / ACRE / APPLICATION,CALIFORNIA,2016,224,0.044
MEASURED IN LB / ACRE / APPLICATION,CALIFORNIA,2016,224,0.07
MEASURED IN LB / ACRE / APPLICATION,CALIFORNIA,2016,224,0.09
MEASURED IN LB / ACRE / APPLICATION,CALIFORNIA,2016,224,0.25
MEASURED IN LB / ACRE / APPLICATION,CALIFORNIA,2016,224,0.062
MEASURED IN LB / ACRE / APPLICATION,CALIFORNIA,2016,224,251.559
MEASURED IN LB / ACRE / APPLICATION,CALIFORNIA,2016,224,104.337
MEASURED IN LB / ACRE / APPLICATION,CALIFORNIA,2016,224,0.114
MEASURED IN LB / ACRE / APPLICATION,CALIFORNIA,2016,224,0.199
MEASURED IN LB / ACRE / YEAR,CALIFORNIA,2019,225,0.447
MEASURED IN LB / ACRE / YEAR,CALIFORNIA,2019,225,0.54
MEASURED IN LB / ACRE / YEAR,CALIFORNIA,2019,225,0.051
MEASURED IN LB / ACRE / YEAR,CALIFORNIA,2019,225,0.508
MEASURED IN LB / ACRE / YEAR,CALIFORNIA,2019,225,10.456
MEASURED IN LB / ACRE / YEAR,CALIFORNIA,2019,225,0.034
MEASURED IN LB / ACRE / YEAR,CALIFORNIA,2019,225,0.765
MEASURED IN LB / ACRE / YEAR,CALIFORNIA,2019,225,0.25
MEASURED IN LB / ACRE / YEAR,CALIFORNIA,2019,225,1.163
MEASURED IN LB / ACRE / YEAR,CALIFORNIA,2019,225,0.51
MEASURED IN LB / ACRE / YEAR,CALIFORNIA,2019,225,0.224
MEASURED IN LB / ACRE / YEAR,CALIFORNIA,2019,225,0.361
MEASURED IN LB / ACRE / YEAR,CALIFORNIA,2019,225,18.136
MEASURED IN LB / ACRE / YEAR,CALIFORNIA,2019,225,1.215
MEASURED IN LB / ACRE / YEAR,CALIFORNIA,2019,225,0.281
MEASURED IN LB / ACRE / YEAR,CALIFORNIA,2019,225,0.625
MEASURED IN LB / ACRE / YEAR,CALIFORNIA,2019,225,0.149
MEASURED IN LB / ACRE / YEAR,CALIFORNIA,2019,225,2.908
MEASURED IN LB / ACRE / YEAR,CALIFORNIA,2019,225,0.174
MEASURED IN LB / ACRE / YEAR,CALIFORNIA,2019,225,0.317
MEASURED IN LB / ACRE / YEAR,CALIFORNIA,2019,225,0.883
MEASURED IN LB / ACRE / YEAR,CALIFORNIA,2019,225,0.264
MEASURED IN LB / ACRE / YEAR,CALIFORNIA,2019,225,26.646
MEASURED IN LB / ACRE / YEAR,CALIFORNIA,2019,225,0.058
MEASURED IN LB / ACRE / YEAR,CALIFORNIA,2019,225,1.041
MEASURED IN LB / ACRE / YEAR,CALIFORNIA,2019,225,5.064
MEASURED IN LB / ACRE / YEAR,CALIFORNIA,2019,225,0.235
MEASURED IN LB / ACRE / YEAR,CALIFORNIA,2019,225,0.55
MEASURED IN LB / ACRE / YEAR,CALIFORNIA,2019,225,0.074
MEASURED IN LB / ACRE / YEAR,CALIFORNIA,2019,225,0.217
MEASURED IN LB / ACRE / YEAR,CALIFORNIA,2019,225,0.428
MEASURED IN LB / ACRE / YEAR,CALIFORNIA,2019,225,1.84
MEASURED IN LB / ACRE / YEAR,CALIFORNIA,2019,225,0.04
MEASURED IN LB / ACRE / YEAR,CALIFORNIA,2019,225,0.47
MEASURED IN LB / ACRE / YEAR,CALIFORNIA,2019,225,0.182
MEASURED IN LB / ACRE / YEAR,CALIFORNIA,2019,225,0.091
MEASURED IN LB / ACRE / YEAR,CALIFORNIA,2019,225,0.978
MEASURED IN LB / ACRE / YEAR,CALIFORNIA,2019,225,0.346
MEASURED IN LB / ACRE / YEAR,CALIFORNIA,2019,225,0.119
MEASURED IN LB / ACRE / YEAR,CALIFORNIA,2019,225,0.222
MEASURED IN LB / ACRE / YEAR,CALIFORNIA,2019,225,0.299
MEASURED IN LB / ACRE / YEAR,CALIFORNIA,2019,225,0.581
MEASURED IN LB / ACRE / YEAR,CALIFORNIA,2019,225,0.531
MEASURED IN LB / ACRE / YEAR,CALIFORNIA,2019,225,0.128
MEASURED IN LB / ACRE / YEAR,CALIFORNIA,2019,225,0.161
MEASURED IN LB / ACRE / YEAR,CALIFORNIA,2019,225,0.399
MEASURED IN LB / ACRE / YEAR,CALIFORNIA,2019,225,0.269
MEASURED IN LB / ACRE / YEAR,CALIFORNIA,2019,225,0.793
MEASURED IN LB / ACRE / YEAR,CALIFORNIA,2019,225,5.571
MEASURED IN LB / ACRE / YEAR,CALIFORNIA,2019,225,0.245
MEASURED IN LB / ACRE / YEAR,CALIFORNIA,2019,225,1.665
MEASURED IN LB / ACRE / YEAR,CALIFORNIA,2019,225,0.334
MEASURED IN LB / ACRE / YEAR,CALIFORNIA,2019,225,7.924
MEASURED IN LB / ACRE / YEAR,CALIFORNIA,2019,225,0.192
MEASURED IN LB / ACRE / YEAR,CALIFORNIA,2019,225,0.884
MEASURED IN LB / ACRE / YEAR,CALIFORNIA,2019,225,0.074
MEASURED IN LB / ACRE / YEAR,CALIFORNIA,2019,225,0.074
MEASURED IN LB / ACRE / YEAR,CALIFORNIA,2019,225,0.108
MEASURED IN LB / ACRE / YEAR,CALIFORNIA,2019,225,0.113
MEASURED IN LB / ACRE / YEAR,CALIFORNIA,2019,225,0.307
MEASURED IN LB / ACRE / YEAR,CALIFORNIA,2019,225,0.137
MEASURED IN LB / ACRE / YEAR,CALIFORNIA,2019,225,0.164
MEASURED IN LB / ACRE / YEAR,CALIFORNIA,2019,225,345.893
MEASURED IN LB / ACRE / YEAR,CALIFORNIA,2019,225,125.71
MEASURED IN LB / ACRE / YEAR,CALIFORNIA,2019,225,0.188
MEASURED IN LB / ACRE / YEAR,CALIFORNIA,2019,225,0.235
MEASURED IN LB / ACRE / YEAR,CALIFORNIA,2019,225,244.72
MEASURED IN LB / ACRE / YEAR,CALIFORNIA,2019,225,303.425
MEASURED IN LB / ACRE / YEAR,CALIFORNIA,2019,225,0.231
MEASURED IN LB / ACRE / YEAR,CALIFORNIA,2019,225,58
MEASURED IN LB / ACRE / YEAR,CALIFORNIA,2019,225,86
MEASURED IN LB / ACRE / YEAR,CALIFORNIA,2019,225,75
MEASURED IN LB / ACRE / YEAR,CALIFORNIA,2019,225,16
MEASURED IN LB / ACRE / YEAR,CALIFORNIA,2018,225,0.298
MEASURED IN LB / ACRE / YEAR,CALIFORNIA,2018,225,0.565
MEASURED IN LB / ACRE / YEAR,CALIFORNIA,2018,225,6.452
MEASURED IN LB / ACRE / YEAR,CALIFORNIA,2018,225,0.026
MEASURED IN LB / ACRE / YEAR,CALIFORNIA,2018,225,0.461
MEASURED IN LB / ACRE / YEAR,CALIFORNIA,2018,225,1.005
MEASURED IN LB / ACRE / YEAR,CALIFORNIA,2018,225,0.307
MEASURED IN LB / ACRE / YEAR,CALIFORNIA,2018,225,0.143
MEASURED IN LB / ACRE / YEAR,CALIFORNIA,2018,225,0.217
MEASURED IN LB / ACRE / YEAR,CALIFORNIA,2018,225,0.711
MEASURED IN LB / ACRE / YEAR,CALIFORNIA,2018,225,0.167
MEASURED IN LB / ACRE / YEAR,CALIFORNIA,2018,225,0.402
MEASURED IN LB / ACRE / YEAR,CALIFORNIA,2018,225,0.05
MEASURED IN LB / ACRE / YEAR,CALIFORNIA,2018,225,3.52
MEASURED IN LB / ACRE / YEAR,CALIFORNIA,2018,225,0.221
MEASURED IN LB / ACRE / YEAR,CALIFORNIA,2018,225,0.305
MEASURED IN LB / ACRE / YEAR,CALIFORNIA,2018,225,0.762
MEASURED IN LB / ACRE / YEAR,CALIFORNIA,2018,225,0.113
MEASURED IN LB / ACRE / YEAR,CALIFORNIA,2018,225,12.88
MEASURED IN LB / ACRE / YEAR,CALIFORNIA,2018,225,0.055
MEASURED IN LB / ACRE / YEAR,CALIFORNIA,2018,225,0.827
MEASURED IN LB / ACRE / YEAR,CALIFORNIA,2018,225,4.285
MEASURED IN LB / ACRE / YEAR,CALIFORNIA,2018,225,0.148
MEASURED IN LB / ACRE / YEAR,CALIFORNIA,2018,225,0.396
MEASURED IN LB / ACRE / YEAR,CALIFORNIA,2018,225,0.105
MEASURED IN LB / ACRE / YEAR,CALIFORNIA,2018,225,0.355
MEASURED IN LB / ACRE / YEAR,CALIFORNIA,2018,225,1.944
MEASURED IN LB / ACRE / YEAR,CALIFORNIA,2018,225,0.027
MEASURED IN LB / ACRE / YEAR,CALIFORNIA,2018,225,0.364
MEASURED IN LB / ACRE / YEAR,CALIFORNIA,2018,225,0.165
MEASURED IN LB / ACRE / YEAR,CALIFORNIA,2018,225,0.06
MEASURED IN LB / ACRE / YEAR,CALIFORNIA,2018,225,0.645
MEASURED IN LB / ACRE / YEAR,CALIFORNIA,2018,225,0.163
MEASURED IN LB / ACRE / YEAR,CALIFORNIA,2018,225,0.084
MEASURED IN LB / ACRE / YEAR,CALIFORNIA,2018,225,0.24
MEASURED IN LB / ACRE / YEAR,CALIFORNIA,2018,225,0.397
MEASURED IN LB / ACRE / YEAR,CALIFORNIA,2018,225,0.128
MEASURED IN LB / ACRE / YEAR,CALIFORNIA,2018,225,0.105
MEASURED IN LB / ACRE / YEAR,CALIFORNIA,2018,225,0.234
MEASURED IN LB / ACRE / YEAR,CALIFORNIA,2018,225,0.212
MEASURED IN LB / ACRE / YEAR,CALIFORNIA,2018,225,0.63
MEASURED IN LB / ACRE / YEAR,CALIFORNIA,2018,225,3.062
MEASURED IN LB / ACRE / YEAR,CALIFORNIA,2018,225,0.214
MEASURED IN LB / ACRE / YEAR,CALIFORNIA,2018,225,1.091
MEASURED IN LB / ACRE / YEAR,CALIFORNIA,2018,225,10.762
MEASURED IN LB / ACRE / YEAR,CALIFORNIA,2018,225,0.119
MEASURED IN LB / ACRE / YEAR,CALIFORNIA,2018,225,0.137
MEASURED IN LB / ACRE / YEAR,CALIFORNIA,2018,225,0.083
MEASURED IN LB / ACRE / YEAR,CALIFORNIA,2018,225,0.104
MEASURED IN LB / ACRE / YEAR,CALIFORNIA,2018,225,0.319
MEASURED IN LB / ACRE / YEAR,CALIFORNIA,2018,225,0.086
MEASURED IN LB / ACRE / YEAR,CALIFORNIA,2018,225,256.687
MEASURED IN LB / ACRE / YEAR,CALIFORNIA,2018,225,85.17
MEASURED IN LB / ACRE / YEAR,CALIFORNIA,2018,225,0.129
MEASURED IN LB / ACRE / YEAR,CALIFORNIA,2018,225,0.307
MEASURED IN LB / ACRE / YEAR,CALIFORNIA,2018,225,307
MEASURED IN LB / ACRE / YEAR,CALIFORNIA,2018,225,172
MEASURED IN LB / ACRE / YEAR,CALIFORNIA,2018,225,315
MEASURED IN LB / ACRE / YEAR,CALIFORNIA,2018,225,91
MEASURED IN LB / ACRE / YEAR,CALIFORNIA,2016,225,0.28
MEASURED IN LB / ACRE / YEAR,CALIFORNIA,2016,225,0.689
MEASURED IN LB / ACRE / YEAR,CALIFORNIA,2016,225,0.583
MEASURED IN LB / ACRE / YEAR,CALIFORNIA,2016,225,6.559
MEASURED IN LB / ACRE / YEAR,CALIFORNIA,2016,225,0.03
MEASURED IN LB / ACRE / YEAR,CALIFORNIA,2016,225,0.54
MEASURED IN LB / ACRE / YEAR,CALIFORNIA,2016,225,1.442
MEASURED IN LB / ACRE / YEAR,CALIFORNIA,2016,225,0.36
MEASURED IN LB / ACRE / YEAR,CALIFORNIA,2016,225,0.155
MEASURED IN LB / ACRE / YEAR,CALIFORNIA,2016,225,0.208
MEASURED IN LB / ACRE / YEAR,CALIFORNIA,2016,225,0.506
MEASURED IN LB / ACRE / YEAR,CALIFORNIA,2016,225,0.186
MEASURED IN LB / ACRE / YEAR,CALIFORNIA,2016,225,0.399
MEASURED IN LB / ACRE / YEAR,CALIFORNIA,2016,225,0.055
MEASURED IN LB / ACRE / YEAR,CALIFORNIA,2016,225,2.46
MEASURED IN LB / ACRE / YEAR,CALIFORNIA,2016,225,0.184
MEASURED IN LB / ACRE / YEAR,CALIFORNIA,2016,225,0.35
MEASURED IN LB / ACRE / YEAR,CALIFORNIA,2016,225,1.106
MEASURED IN LB / ACRE / YEAR,CALIFORNIA,2016,225,0.168
MEASURED IN LB / ACRE / YEAR,CALIFORNIA,2016,225,20.064
MEASURED IN LB / ACRE / YEAR,CALIFORNIA,2016,225,0.05
MEASURED IN LB / ACRE / YEAR,CALIFORNIA,2016,225,1.582
MEASURED IN LB / ACRE / YEAR,CALIFORNIA,2016,225,0.161
MEASURED IN LB / ACRE / YEAR,CALIFORNIA,2016,225,0.412
MEASURED IN LB / ACRE / YEAR,CALIFORNIA,2016,225,0.116
MEASURED IN LB / ACRE / YEAR,CALIFORNIA,2016,225,0.535
MEASURED IN LB / ACRE / YEAR,CALIFORNIA,2016,225,2.268
MEASURED IN LB / ACRE / YEAR,CALIFORNIA,2016,225,0.026
MEASURED IN LB / ACRE / YEAR,CALIFORNIA,2016,225,0.334
MEASURED IN LB / ACRE / YEAR,CALIFORNIA,2016,225,0.188
MEASURED IN LB / ACRE / YEAR,CALIFORNIA,2016,225,0.067
MEASURED IN LB / ACRE / YEAR,CALIFORNIA,2016,225,0.639
MEASURED IN LB / ACRE / YEAR,CALIFORNIA,2016,225,0.163
MEASURED IN LB / ACRE / YEAR,CALIFORNIA,2016,225,0.098
MEASURED IN LB / ACRE / YEAR,CALIFORNIA,2016,225,0.253
MEASURED IN LB / ACRE / YEAR,CALIFORNIA,2016,225,0.435
MEASURED IN LB / ACRE / YEAR,CALIFORNIA,2016,225,0.151
MEASURED IN LB / ACRE / YEAR,CALIFORNIA,2016,225,0.249
MEASURED IN LB / ACRE / YEAR,CALIFORNIA,2016,225,0.22
MEASURED IN LB / ACRE / YEAR,CALIFORNIA,2016,225,0.562
MEASURED IN LB / ACRE / YEAR,CALIFORNIA,2016,225,2.808
MEASURED IN LB / ACRE / YEAR,CALIFORNIA,2016,225,0.207
MEASURED IN LB / ACRE / YEAR,CALIFORNIA,2016,225,1.24
MEASURED IN LB / ACRE / YEAR,CALIFORNIA,2016,225,1.225
MEASURED IN LB / ACRE / YEAR,CALIFORNIA,2016,225,10.173
MEASURED IN LB / ACRE / YEAR,CALIFORNIA,2016,225,0.136
MEASURED IN LB / ACRE / YEAR,CALIFORNIA,2016,225,0.172
MEASURED IN LB / ACRE / YEAR,CALIFORNIA,2016,225,0.103
MEASURED IN LB / ACRE / YEAR,CALIFORNIA,2016,225,0.098
MEASURED IN LB / ACRE / YEAR,CALIFORNIA,2016,225,0.329
MEASURED IN LB / ACRE / YEAR,CALIFORNIA,2016,225,0.077
MEASURED IN LB / ACRE / YEAR,CALIFORNIA,2016,225,281.09
MEASURED IN LB / ACRE / YEAR,CALIFORNIA,2016,225,112.439
MEASURED IN LB / ACRE / YEAR,CALIFORNIA,2016,225,0.2
MEASURED IN LB / ACRE / YEAR,CALIFORNIA,2016,225,0.296
MEASURED IN NUMBER,CALIFORNIA,2019,247,2.2
MEASURED IN NUMBER,CALIFORNIA,2019,247,1.2
MEASURED IN NUMBER,CALIFORNIA,2019,247,1.5
MEASURED IN NUMBER,CALIFORNIA,2019,247,1.1
MEASURED IN NUMBER,CALIFORNIA,2019,247,2.3
MEASURED IN NUMBER,CALIFORNIA,2019,247,1.5
MEASURED IN NUMBER,CALIFORNIA,2019,247,2.6
MEASURED IN NUMBER,CALIFORNIA,2019,247,6
MEASURED IN NUMBER,CALIFORNIA,2019,247,1.5
MEASURED IN NUMBER,CALIFORNIA,2019,247,2.4
MEASURED IN NUMBER,CALIFORNIA,2019,247,2.2
MEASURED IN NUMBER,CALIFORNIA,2019,247,1.9
MEASURED IN NUMBER,CALIFORNIA,2019,247,2.4
MEASURED IN NUMBER,CALIFORNIA,2019,247,2
MEASURED IN NUMBER,CALIFORNIA,2019,247,2.2
MEASURED IN NUMBER,CALIFORNIA,2019,247,4.5
MEASURED IN NUMBER,CALIFORNIA,2019,247,2.5
MEASURED IN NUMBER,CALIFORNIA,2019,247,2.6
MEASURED IN NUMBER,CALIFORNIA,2019,247,2.1
MEASURED IN NUMBER,CALIFORNIA,2019,247,2.1
MEASURED IN NUMBER,CALIFORNIA,2019,247,1.2
MEASURED IN NUMBER,CALIFORNIA,2019,247,1.6
MEASURED IN NUMBER,CALIFORNIA,2019,247,1.9
MEASURED IN NUMBER,CALIFORNIA,2019,247,1.7
MEASURED IN NUMBER,CALIFORNIA,2019,247,2.7
MEASURED IN NUMBER,CALIFORNIA,2019,247,7.3
MEASURED IN NUMBER,CALIFORNIA,2019,247,1.5
MEASURED IN NUMBER,CALIFORNIA,2019,247,1.6
MEASURED IN NUMBER,CALIFORNIA,2019,247,2.3
MEASURED IN NUMBER,CALIFORNIA,2019,247,2.1
MEASURED IN NUMBER,CALIFORNIA,2019,247,2.4
MEASURED IN NUMBER,CALIFORNIA,2019,247,3
MEASURED IN NUMBER,CALIFORNIA,2019,247,2.4
MEASURED IN NUMBER,CALIFORNIA,2019,247,1.4
MEASURED IN NUMBER,CALIFORNIA,2019,247,1.5
MEASURED IN NUMBER,CALIFORNIA,2019,247,2.2
MEASURED IN NUMBER,CALIFORNIA,2019,247,1.6
MEASURED IN NUMBER,CALIFORNIA,2019,247,1.4
MEASURED IN NUMBER,CALIFORNIA,2019,247,2.7
MEASURED IN NUMBER,CALIFORNIA,2019,247,2
MEASURED IN NUMBER,CALIFORNIA,2019,247,3.2
MEASURED IN NUMBER,CALIFORNIA,2019,247,1.5
MEASURED IN NUMBER,CALIFORNIA,2019,247,1.6
MEASURED IN NUMBER,CALIFORNIA,2019,247,1.3
MEASURED IN NUMBER,CALIFORNIA,2019,247,1.6
MEASURED IN NUMBER,CALIFORNIA,2019,247,1.7
MEASURED IN NUMBER,CALIFORNIA,2019,247,1.8
MEASURED IN NUMBER,CALIFORNIA,2019,247,1.3
MEASURED IN NUMBER,CALIFORNIA,2019,247,2
MEASURED IN NUMBER,CALIFORNIA,2019,247,1.7
MEASURED IN NUMBER,CALIFORNIA,2019,247,4.3
MEASURED IN NUMBER,CALIFORNIA,2019,247,1.9
MEASURED IN NUMBER,CALIFORNIA,2019,247,1.2
MEASURED IN NUMBER,CALIFORNIA,2019,247,1.9
MEASURED IN NUMBER,CALIFORNIA,2019,247,2.5
MEASURED IN NUMBER,CALIFORNIA,2019,247,1.5
MEASURED IN NUMBER,CALIFORNIA,2019,247,1.5
MEASURED IN NUMBER,CALIFORNIA,2019,247,2.8
MEASURED IN NUMBER,CALIFORNIA,2019,247,1.4
MEASURED IN NUMBER,CALIFORNIA,2019,247,1.8
MEASURED IN NUMBER,CALIFORNIA,2019,247,3.5
MEASURED IN NUMBER,CALIFORNIA,2019,247,1.5
MEASURED IN NUMBER,CALIFORNIA,2019,247,3.2
MEASURED IN NUMBER,CALIFORNIA,2019,247,1.8
MEASURED IN NUMBER,CALIFORNIA,2019,247,1.7
MEASURED IN NUMBER,CALIFORNIA,2019,247,1.1
MEASURED IN NUMBER,CALIFORNIA,2019,247,1.6
MEASURED IN NUMBER,CALIFORNIA,2019,247,1.2
MEASURED IN NUMBER,CALIFORNIA,2019,247,1.3
MEASURED IN NUMBER,CALIFORNIA,2019,247,2
MEASURED IN NUMBER,CALIFORNIA,2019,247,2.7
MEASURED IN NUMBER,CALIFORNIA,2019,247,1.4
MEASURED IN NUMBER,CALIFORNIA,2019,247,1.5
MEASURED IN NUMBER,CALIFORNIA,2019,247,1.7
MEASURED IN NUMBER,CALIFORNIA,2019,247,1.5
MEASURED IN NUMBER,CALIFORNIA,2019,247,1.1
MEASURED IN NUMBER,CALIFORNIA,2019,247,1.3
MEASURED IN NUMBER,CALIFORNIA,2019,247,1.2
MEASURED IN NUMBER,CALIFORNIA,2019,247,9.9
MEASURED IN NUMBER,CALIFORNIA,2019,247,11.3
MEASURED IN NUMBER,CALIFORNIA,2019,247,14.3
MEASURED IN NUMBER,CALIFORNIA,2019,247,8.2
MEASURED IN NUMBER,CALIFORNIA,2018,247,1.4
MEASURED IN NUMBER,CALIFORNIA,2018,247,1.5
MEASURED IN NUMBER,CALIFORNIA,2018,247,2.4
MEASURED IN NUMBER,CALIFORNIA,2018,247,1.6
MEASURED IN NUMBER,CALIFORNIA,2018,247,3.4
MEASURED IN NUMBER,CALIFORNIA,2018,247,1.2
MEASURED IN NUMBER,CALIFORNIA,2018,247,1.4
MEASURED IN NUMBER,CALIFORNIA,2018,247,1.7
MEASURED IN NUMBER,CALIFORNIA,2018,247,1.4
MEASURED IN NUMBER,CALIFORNIA,2018,247,1.2
MEASURED IN NUMBER,CALIFORNIA,2018,247,1.3
MEASURED IN NUMBER,CALIFORNIA,2018,247,1.5
MEASURED IN NUMBER,CALIFORNIA,2018,247,1.6
MEASURED IN NUMBER,CALIFORNIA,2018,247,1.3
MEASURED IN NUMBER,CALIFORNIA,2018,247,1.1
MEASURED IN NUMBER,CALIFORNIA,2018,247,1.5
MEASURED IN NUMBER,CALIFORNIA,2018,247,2
MEASURED IN NUMBER,CALIFORNIA,2018,247,1.8
MEASURED IN NUMBER,CALIFORNIA,2018,247,1.2
MEASURED IN NUMBER,CALIFORNIA,2018,247,1.2
MEASURED IN NUMBER,CALIFORNIA,2018,247,2.6
MEASURED IN NUMBER,CALIFORNIA,2018,247,1.5
MEASURED IN NUMBER,CALIFORNIA,2018,247,1.3
MEASURED IN NUMBER,CALIFORNIA,2018,247,2.1
MEASURED IN NUMBER,CALIFORNIA,2018,247,1.3
MEASURED IN NUMBER,CALIFORNIA,2018,247,1.6
MEASURED IN NUMBER,CALIFORNIA,2018,247,1.1
MEASURED IN NUMBER,CALIFORNIA,2018,247,1
MEASURED IN NUMBER,CALIFORNIA,2018,247,1.4
MEASURED IN NUMBER,CALIFORNIA,2018,247,1.4
MEASURED IN NUMBER,CALIFORNIA,2018,247,1.2
MEASURED IN NUMBER,CALIFORNIA,2018,247,1.4
MEASURED IN NUMBER,CALIFORNIA,2018,247,1.9
MEASURED IN NUMBER,CALIFORNIA,2018,247,1.3
MEASURED IN NUMBER,CALIFORNIA,2018,247,1.7
MEASURED IN NUMBER,CALIFORNIA,2018,247,1.2
MEASURED IN NUMBER,CALIFORNIA,2018,247,2.3
MEASURED IN NUMBER,CALIFORNIA,2018,247,1.1
MEASURED IN NUMBER,CALIFORNIA,2018,247,1.2
MEASURED IN NUMBER,CALIFORNIA,2018,247,1.1
MEASURED IN NUMBER,CALIFORNIA,2018,247,1.3
MEASURED IN NUMBER,CALIFORNIA,2018,247,1.4
MEASURED IN NUMBER,CALIFORNIA,2018,247,1.2
MEASURED IN NUMBER,CALIFORNIA,2018,247,1.3
MEASURED IN NUMBER,CALIFORNIA,2018,247,1.4
MEASURED IN NUMBER,CALIFORNIA,2018,247,1.2
MEASURED IN NUMBER,CALIFORNIA,2018,247,1.3
MEASURED IN NUMBER,CALIFORNIA,2018,247,1.7
MEASURED IN NUMBER,CALIFORNIA,2018,247,1.2
MEASURED IN NUMBER,CALIFORNIA,2018,247,1.2
MEASURED IN NUMBER,CALIFORNIA,2018,247,1.7
MEASURED IN NUMBER,CALIFORNIA,2018,247,1.6
MEASURED IN NUMBER,CALIFORNIA,2018,247,2.5
MEASURED IN NUMBER,CALIFORNIA,2018,247,1.2
MEASURED IN NUMBER,CALIFORNIA,2018,247,1.2
MEASURED IN NUMBER,CALIFORNIA,2018,247,1.3
MEASURED IN NUMBER,CALIFORNIA,2018,247,1.4
MEASURED IN NUMBER,CALIFORNIA,2018,247,1.1
MEASURED IN NUMBER,CALIFORNIA,2018,247,1
MEASURED IN NUMBER,CALIFORNIA,2018,247,1.1
MEASURED IN NUMBER,CALIFORNIA,2018,247,1.4
MEASURED IN NUMBER,CALIFORNIA,2018,247,16.9
MEASURED IN NUMBER,CALIFORNIA,2018,247,11.8
MEASURED IN NUMBER,CALIFORNIA,2018,247,13.2
MEASURED IN NUMBER,CALIFORNIA,2018,247,10.2
MEASURED IN NUMBER,CALIFORNIA,2016,247,1.2
MEASURED IN NUMBER,CALIFORNIA,2016,247,1.1
MEASURED IN NUMBER,CALIFORNIA,2016,247,1.4
MEASURED IN NUMBER,CALIFORNIA,2016,247,1.8
MEASURED IN NUMBER,CALIFORNIA,2016,247,1.3
MEASURED IN NUMBER,CALIFORNIA,2016,247,1.7
MEASURED IN NUMBER,CALIFORNIA,2016,247,4
MEASURED IN NUMBER,CALIFORNIA,2016,247,1.3
MEASURED IN NUMBER,CALIFORNIA,2016,247,1.6
MEASURED IN NUMBER,CALIFORNIA,2016,247,2
MEASURED IN NUMBER,CALIFORNIA,2016,247,1.6
MEASURED IN NUMBER,CALIFORNIA,2016,247,1.2
MEASURED IN NUMBER,CALIFORNIA,2016,247,1.2
MEASURED IN NUMBER,CALIFORNIA,2016,247,1.1
MEASURED IN NUMBER,CALIFORNIA,2016,247,1.6
MEASURED IN NUMBER,CALIFORNIA,2016,247,1.3
MEASURED IN NUMBER,CALIFORNIA,2016,247,1.3
MEASURED IN NUMBER,CALIFORNIA,2016,247,1
MEASURED IN NUMBER,CALIFORNIA,2016,247,1.6
MEASURED IN NUMBER,CALIFORNIA,2016,247,2
MEASURED IN NUMBER,CALIFORNIA,2016,247,1.7
MEASURED IN NUMBER,CALIFORNIA,2016,247,1.7
MEASURED IN NUMBER,CALIFORNIA,2016,247,5.4
MEASURED IN NUMBER,CALIFORNIA,2016,247,1.3
MEASURED IN NUMBER,CALIFORNIA,2016,247,1.9
MEASURED IN NUMBER,CALIFORNIA,2016,247,1.5
MEASURED IN NUMBER,CALIFORNIA,2016,247,1.8
MEASURED IN NUMBER,CALIFORNIA,2016,247,1.3
MEASURED IN NUMBER,CALIFORNIA,2016,247,1.1
MEASURED IN NUMBER,CALIFORNIA,2016,247,1.6
MEASURED IN NUMBER,CALIFORNIA,2016,247,1.4
MEASURED IN NUMBER,CALIFORNIA,2016,247,1.1
MEASURED IN NUMBER,CALIFORNIA,2016,247,1.5
MEASURED IN NUMBER,CALIFORNIA,2016,247,1.8
MEASURED IN NUMBER,CALIFORNIA,2016,247,1.3
MEASURED IN NUMBER,CALIFORNIA,2016,247,1.5
MEASURED IN NUMBER,CALIFORNIA,2016,247,2.1
MEASURED IN NUMBER,CALIFORNIA,2016,247,4.5
MEASURED IN NUMBER,CALIFORNIA,2016,247,1.4
MEASURED IN NUMBER,CALIFORNIA,2016,247,1.6
MEASURED IN NUMBER,CALIFORNIA,2016,247,1.1
MEASURED IN NUMBER,CALIFORNIA,2016,247,1.4
MEASURED IN NUMBER,CALIFORNIA,2016,247,1.5
MEASURED IN NUMBER,CALIFORNIA,2016,247,1.8
MEASURED IN NUMBER,CALIFORNIA,2016,247,1.4
MEASURED IN NUMBER,CALIFORNIA,2016,247,1.2
MEASURED IN NUMBER,CALIFORNIA,2016,247,1.2
MEASURED IN NUMBER,CALIFORNIA,2016,247,1.4
MEASURED IN NUMBER,CALIFORNIA,2016,247,1.2
MEASURED IN NUMBER,CALIFORNIA,2016,247,1.4
MEASURED IN NUMBER,CALIFORNIA,2016,247,1.2
MEASURED IN NUMBER,CALIFORNIA,2016,247,1.7
MEASURED IN NUMBER,CALIFORNIA,2016,247,1.8
MEASURED IN NUMBER,CALIFORNIA,2016,247,3.9
MEASURED IN NUMBER,CALIFORNIA,2016,247,1.5
MEASURED IN NUMBER,CALIFORNIA,2016,247,1.1
MEASURED IN NUMBER,CALIFORNIA,2016,247,1.3
MEASURED IN NUMBER,CALIFORNIA,2016,247,1.2
MEASURED IN NUMBER,CALIFORNIA,2016,247,1.1
MEASURED IN NUMBER,CALIFORNIA,2016,247,1.1
MEASURED IN NUMBER,CALIFORNIA,2016,247,1.8
MEASURED IN NUMBER,CALIFORNIA,2016,247,1.5
MEASURED IN PCT OF AREA BEARING,CALIFORNIA,2019,272,34
MEASURED IN PCT OF AREA BEARING,CALIFORNIA,2019,272,26
MEASURED IN PCT OF AREA BEARING,CALIFORNIA,2019,272,8
MEASURED IN PCT OF AREA BEARING,CALIFORNIA,2019,272,6
MEASURED IN PCT OF AREA BEARING,CALIFORNIA,2019,272,18
MEASURED IN PCT OF AREA BEARING,CALIFORNIA,2019,272,34
MEASURED IN PCT OF AREA BEARING,CALIFORNIA,2019,272,7
MEASURED IN PCT OF AREA BEARING,CALIFORNIA,2019,272,76
MEASURED IN PCT OF AREA BEARING,CALIFORNIA,2019,272,30
MEASURED IN PCT OF AREA BEARING,CALIFORNIA,2019,272,61
MEASURED IN PCT OF AREA BEARING,CALIFORNIA,2019,272,10
MEASURED IN PCT OF AREA BEARING,CALIFORNIA,2019,272,36
MEASURED IN PCT OF AREA BEARING,CALIFORNIA,2019,272,61
MEASURED IN PCT OF AREA BEARING,CALIFORNIA,2019,272,48
MEASURED IN PCT OF AREA BEARING,CALIFORNIA,2019,272,30
MEASURED IN PCT OF AREA BEARING,CALIFORNIA,2019,272,5
MEASURED IN PCT OF AREA BEARING,CALIFORNIA,2019,272,21
MEASURED IN PCT OF AREA BEARING,CALIFORNIA,2019,272,56
MEASURED IN PCT OF AREA BEARING,CALIFORNIA,2019,272,31
MEASURED IN PCT OF AREA BEARING,CALIFORNIA,2019,272,26
MEASURED IN PCT OF AREA BEARING,CALIFORNIA,2019,272,11
MEASURED IN PCT OF AREA BEARING,CALIFORNIA,2019,272,25
MEASURED IN PCT OF AREA BEARING,CALIFORNIA,2019,272,65
MEASURED IN PCT OF AREA BEARING,CALIFORNIA,2019,272,29
MEASURED IN PCT OF AREA BEARING,CALIFORNIA,2019,272,51
MEASURED IN PCT OF AREA BEARING,CALIFORNIA,2019,272,72
MEASURED IN PCT OF AREA BEARING,CALIFORNIA,2019,272,30
MEASURED IN PCT OF AREA BEARING,CALIFORNIA,2019,272,9
MEASURED IN PCT OF AREA BEARING,CALIFORNIA,2019,272,50
MEASURED IN PCT OF AREA BEARING,CALIFORNIA,2019,272,93
MEASURED IN PCT OF AREA BEARING,CALIFORNIA,2019,272,50
MEASURED IN PCT OF AREA BEARING,CALIFORNIA,2019,272,37
MEASURED IN PCT OF AREA BEARING,CALIFORNIA,2019,272,6
MEASURED IN PCT OF AREA BEARING,CALIFORNIA,2019,272,14
MEASURED IN PCT OF AREA BEARING,CALIFORNIA,2019,272,9
MEASURED IN PCT OF AREA BEARING,CALIFORNIA,2019,272,8
MEASURED IN PCT OF AREA BEARING,CALIFORNIA,2019,272,20
MEASURED IN PCT OF AREA BEARING,CALIFORNIA,2019,272,35
MEASURED IN PCT OF AREA BEARING,CALIFORNIA,2019,272,32
MEASURED IN PCT OF AREA BEARING,CALIFORNIA,2019,272,42
MEASURED IN PCT OF AREA BEARING,CALIFORNIA,2019,272,25
MEASURED IN PCT OF AREA BEARING,CALIFORNIA,2019,272,51
MEASURED IN PCT OF AREA BEARING,CALIFORNIA,2019,272,58
MEASURED IN PCT OF AREA BEARING,CALIFORNIA,2019,272,43
MEASURED IN PCT OF AREA BEARING,CALIFORNIA,2019,272,24
MEASURED IN PCT OF AREA BEARING,CALIFORNIA,2019,272,37
MEASURED IN PCT OF AREA BEARING,CALIFORNIA,2019,272,5
MEASURED IN PCT OF AREA BEARING,CALIFORNIA,2019,272,2
MEASURED IN PCT OF AREA BEARING,CALIFORNIA,2019,272,44
MEASURED IN PCT OF AREA BEARING,CALIFORNIA,2019,272,19
MEASURED IN PCT OF AREA BEARING,CALIFORNIA,2019,272,11
MEASURED IN PCT OF AREA BEARING,CALIFORNIA,2019,272,48
MEASURED IN PCT OF AREA BEARING,CALIFORNIA,2019,272,6
MEASURED IN PCT OF AREA BEARING,CALIFORNIA,2019,272,31
MEASURED IN PCT OF AREA BEARING,CALIFORNIA,2019,272,9
MEASURED IN PCT OF AREA BEARING,CALIFORNIA,2019,272,57
MEASURED IN PCT OF AREA BEARING,CALIFORNIA,2019,272,34
MEASURED IN PCT OF AREA BEARING,CALIFORNIA,2019,272,24
MEASURED IN PCT OF AREA BEARING,CALIFORNIA,2019,272,12
MEASURED IN PCT OF AREA BEARING,CALIFORNIA,2019,272,28
MEASURED IN PCT OF AREA BEARING,CALIFORNIA,2019,272,37
MEASURED IN PCT OF AREA BEARING,CALIFORNIA,2019,272,21
MEASURED IN PCT OF AREA BEARING,CALIFORNIA,2019,272,9
MEASURED IN PCT OF AREA BEARING,CALIFORNIA,2019,272,18
MEASURED IN PCT OF AREA BEARING,CALIFORNIA,2019,272,66
MEASURED IN PCT OF AREA BEARING,CALIFORNIA,2019,272,4
MEASURED IN PCT OF AREA BEARING,CALIFORNIA,2019,272,8
MEASURED IN PCT OF AREA BEARING,CALIFORNIA,2019,272,5
MEASURED IN PCT OF AREA BEARING,CALIFORNIA,2019,272,58
MEASURED IN PCT OF AREA BEARING,CALIFORNIA,2019,272,15
MEASURED IN PCT OF AREA BEARING,CALIFORNIA,2019,272,17
MEASURED IN PCT OF AREA BEARING,CALIFORNIA,2019,272,20
MEASURED IN PCT OF AREA BEARING,CALIFORNIA,2019,272,24
MEASURED IN PCT OF AREA BEARING,CALIFORNIA,2019,272,91
MEASURED IN PCT OF AREA BEARING,CALIFORNIA,2019,272,49
MEASURED IN PCT OF AREA BEARING,CALIFORNIA,2019,272,23
MEASURED IN PCT OF AREA BEARING,CALIFORNIA,2019,272,25
MEASURED IN PCT OF AREA BEARING,CALIFORNIA,2019,272,2
MEASURED IN PCT OF AREA BEARING,CALIFORNIA,2019,272,3
MEASURED IN PCT OF AREA BEARING,CALIFORNIA,2019,272,2
MEASURED IN PCT OF AREA BEARING,CALIFORNIA,2019,272,7
MEASURED IN PCT OF AREA BEARING,CALIFORNIA,2019,272,63
MEASURED IN PCT OF AREA BEARING,CALIFORNIA,2019,272,98
MEASURED IN PCT OF AREA BEARING,CALIFORNIA,2019,272,49
MEASURED IN PCT OF AREA BEARING,CALIFORNIA,2019,272,49
MEASURED IN PCT OF AREA BEARING,CALIFORNIA,2019,272,30
MEASURED IN PCT OF AREA BEARING,CALIFORNIA,2018,272,10
MEASURED IN PCT OF AREA BEARING,CALIFORNIA,2018,272,14
MEASURED IN PCT OF AREA BEARING,CALIFORNIA,2018,272,1
MEASURED IN PCT OF AREA BEARING,CALIFORNIA,2018,272,9
MEASURED IN PCT OF AREA BEARING,CALIFORNIA,2018,272,41
MEASURED IN PCT OF AREA BEARING,CALIFORNIA,2018,272,6
MEASURED IN PCT OF AREA BEARING,CALIFORNIA,2018,272,30
MEASURED IN PCT OF AREA BEARING,CALIFORNIA,2018,272,9
MEASURED IN PCT OF AREA BEARING,CALIFORNIA,2018,272,30
MEASURED IN PCT OF AREA BEARING,CALIFORNIA,2018,272,32
MEASURED IN PCT OF AREA BEARING,CALIFORNIA,2018,272,14
MEASURED IN PCT OF AREA BEARING,CALIFORNIA,2018,272,8
MEASURED IN PCT OF AREA BEARING,CALIFORNIA,2018,272,18
MEASURED IN PCT OF AREA BEARING,CALIFORNIA,2018,272,20
MEASURED IN PCT OF AREA BEARING,CALIFORNIA,2018,272,15
MEASURED IN PCT OF AREA BEARING,CALIFORNIA,2018,272,12
MEASURED IN PCT OF AREA BEARING,CALIFORNIA,2018,272,12
MEASURED IN PCT OF AREA BEARING,CALIFORNIA,2018,272,21
MEASURED IN PCT OF AREA BEARING,CALIFORNIA,2018,272,10
MEASURED IN PCT OF AREA BEARING,CALIFORNIA,2018,272,23
MEASURED IN PCT OF AREA BEARING,CALIFORNIA,2018,272,64
MEASURED IN PCT OF AREA BEARING,CALIFORNIA,2018,272,19
MEASURED IN PCT OF AREA BEARING,CALIFORNIA,2018,272,4
MEASURED IN PCT OF AREA BEARING,CALIFORNIA,2018,272,13
MEASURED IN PCT OF AREA BEARING,CALIFORNIA,2018,272,71
MEASURED IN PCT OF AREA BEARING,CALIFORNIA,2018,272,37
MEASURED IN PCT OF AREA BEARING,CALIFORNIA,2018,272,13
MEASURED IN PCT OF AREA BEARING,CALIFORNIA,2018,272,4
MEASURED IN PCT OF AREA BEARING,CALIFORNIA,2018,272,6
MEASURED IN PCT OF AREA BEARING,CALIFORNIA,2018,272,4
MEASURED IN PCT OF AREA BEARING,CALIFORNIA,2018,272,7
MEASURED IN PCT OF AREA BEARING,CALIFORNIA,2018,272,22
MEASURED IN PCT OF AREA BEARING,CALIFORNIA,2018,272,10
MEASURED IN PCT OF AREA BEARING,CALIFORNIA,2018,272,20
MEASURED IN PCT OF AREA BEARING,CALIFORNIA,2018,272,29
MEASURED IN PCT OF AREA BEARING,CALIFORNIA,2018,272,22
MEASURED IN PCT OF AREA BEARING,CALIFORNIA,2018,272,19
MEASURED IN PCT OF AREA BEARING,CALIFORNIA,2018,272,16
MEASURED IN PCT OF AREA BEARING,CALIFORNIA,2018,272,7
MEASURED IN PCT OF AREA BEARING,CALIFORNIA,2018,272,23
MEASURED IN PCT OF AREA BEARING,CALIFORNIA,2018,272,21
MEASURED IN PCT OF AREA BEARING,CALIFORNIA,2018,272,4
MEASURED IN PCT OF AREA BEARING,CALIFORNIA,2018,272,21
MEASURED IN PCT OF AREA BEARING,CALIFORNIA,2018,272,8
MEASURED IN PCT OF AREA BEARING,CALIFORNIA,2018,272,2
MEASURED IN PCT OF AREA BEARING,CALIFORNIA,2018,272,35
MEASURED IN PCT OF AREA BEARING,CALIFORNIA,2018,272,9
MEASURED IN PCT OF AREA BEARING,CALIFORNIA,2018,272,11
MEASURED IN PCT OF AREA BEARING,CALIFORNIA,2018,272,18
MEASURED IN PCT OF AREA BEARING,CALIFORNIA,2018,272,7
MEASURED IN PCT OF AREA BEARING,CALIFORNIA,2018,272,13
MEASURED IN PCT OF AREA BEARING,CALIFORNIA,2018,272,13
MEASURED IN PCT OF AREA BEARING,CALIFORNIA,2018,272,23
MEASURED IN PCT OF AREA BEARING,CALIFORNIA,2018,272,39
MEASURED IN PCT OF AREA BEARING,CALIFORNIA,2018,272,8
MEASURED IN PCT OF AREA BEARING,CALIFORNIA,2018,272,26
MEASURED IN PCT OF AREA BEARING,CALIFORNIA,2018,272,18
MEASURED IN PCT OF AREA BEARING,CALIFORNIA,2018,272,9
MEASURED IN PCT OF AREA BEARING,CALIFORNIA,2018,272,12
MEASURED IN PCT OF AREA BEARING,CALIFORNIA,2018,272,63
MEASURED IN PCT OF AREA BEARING,CALIFORNIA,2018,272,30
MEASURED IN PCT OF AREA BEARING,CALIFORNIA,2018,272,22
MEASURED IN PCT OF AREA BEARING,CALIFORNIA,2018,272,9
MEASURED IN PCT OF AREA BEARING,CALIFORNIA,2018,272,15
MEASURED IN PCT OF AREA BEARING,CALIFORNIA,2018,272,45
MEASURED IN PCT OF AREA BEARING,CALIFORNIA,2018,272,97
MEASURED IN PCT OF AREA BEARING,CALIFORNIA,2018,272,93
MEASURED IN PCT OF AREA BEARING,CALIFORNIA,2018,272,94
MEASURED IN PCT OF AREA BEARING,CALIFORNIA,2018,272,81
MEASURED IN PCT OF AREA BEARING,CALIFORNIA,2016,272,22
MEASURED IN PCT OF AREA BEARING,CALIFORNIA,2016,272,8
MEASURED IN PCT OF AREA BEARING,CALIFORNIA,2016,272,2
MEASURED IN PCT OF AREA BEARING,CALIFORNIA,2016,272,2
MEASURED IN PCT OF AREA BEARING,CALIFORNIA,2016,272,17
MEASURED IN PCT OF AREA BEARING,CALIFORNIA,2016,272,49
MEASURED IN PCT OF AREA BEARING,CALIFORNIA,2016,272,88
MEASURED IN PCT OF AREA BEARING,CALIFORNIA,2016,272,25
MEASURED IN PCT OF AREA BEARING,CALIFORNIA,2016,272,66
MEASURED IN PCT OF AREA BEARING,CALIFORNIA,2016,272,37
MEASURED IN PCT OF AREA BEARING,CALIFORNIA,2016,272,66
MEASURED IN PCT OF AREA BEARING,CALIFORNIA,2016,272,17
MEASURED IN PCT OF AREA BEARING,CALIFORNIA,2016,272,37
MEASURED IN PCT OF AREA BEARING,CALIFORNIA,2016,272,12
MEASURED IN PCT OF AREA BEARING,CALIFORNIA,2016,272,41
MEASURED IN PCT OF AREA BEARING,CALIFORNIA,2016,272,29
MEASURED IN PCT OF AREA BEARING,CALIFORNIA,2016,272,33
MEASURED IN PCT OF AREA BEARING,CALIFORNIA,2016,272,34
MEASURED IN PCT OF AREA BEARING,CALIFORNIA,2016,272,31
MEASURED IN PCT OF AREA BEARING,CALIFORNIA,2016,272,65
MEASURED IN PCT OF AREA BEARING,CALIFORNIA,2016,272,33
MEASURED IN PCT OF AREA BEARING,CALIFORNIA,2016,272,53
MEASURED IN PCT OF AREA BEARING,CALIFORNIA,2016,272,82
MEASURED IN PCT OF AREA BEARING,CALIFORNIA,2016,272,30
MEASURED IN PCT OF AREA BEARING,CALIFORNIA,2016,272,11
MEASURED IN PCT OF AREA BEARING,CALIFORNIA,2016,272,96
MEASURED IN PCT OF AREA BEARING,CALIFORNIA,2016,272,31
MEASURED IN PCT OF AREA BEARING,CALIFORNIA,2016,272,35
MEASURED IN PCT OF AREA BEARING,CALIFORNIA,2016,272,12
MEASURED IN PCT OF AREA BEARING,CALIFORNIA,2016,272,15
MEASURED IN PCT OF AREA BEARING,CALIFORNIA,2016,272,18
MEASURED IN PCT OF AREA BEARING,CALIFORNIA,2016,272,22
MEASURED IN PCT OF AREA BEARING,CALIFORNIA,2016,272,34
MEASURED IN PCT OF AREA BEARING,CALIFORNIA,2016,272,19
MEASURED IN PCT OF AREA BEARING,CALIFORNIA,2016,272,46
MEASURED IN PCT OF AREA BEARING,CALIFORNIA,2016,272,59
MEASURED IN PCT OF AREA BEARING,CALIFORNIA,2016,272,25
MEASURED IN PCT OF AREA BEARING,CALIFORNIA,2016,272,43
MEASURED IN PCT OF AREA BEARING,CALIFORNIA,2016,272,36
MEASURED IN PCT OF AREA BEARING,CALIFORNIA,2016,272,4
MEASURED IN PCT OF AREA BEARING,CALIFORNIA,2016,272,37
MEASURED IN PCT OF AREA BEARING,CALIFORNIA,2016,272,37
MEASURED IN PCT OF AREA BEARING,CALIFORNIA,2016,272,4
MEASURED IN PCT OF AREA BEARING,CALIFORNIA,2016,272,33
MEASURED IN PCT OF AREA BEARING,CALIFORNIA,2016,272,27
MEASURED IN PCT OF AREA BEARING,CALIFORNIA,2016,272,71
MEASURED IN PCT OF AREA BEARING,CALIFORNIA,2016,272,21
MEASURED IN PCT OF AREA BEARING,CALIFORNIA,2016,272,13
MEASURED IN PCT OF AREA BEARING,CALIFORNIA,2016,272,13
MEASURED IN PCT OF AREA BEARING,CALIFORNIA,2016,272,20
MEASURED IN PCT OF AREA BEARING,CALIFORNIA,2016,272,32
MEASURED IN PCT OF AREA BEARING,CALIFORNIA,2016,272,21
MEASURED IN PCT OF AREA BEARING,CALIFORNIA,2016,272,4
MEASURED IN PCT OF AREA BEARING,CALIFORNIA,2016,272,49
MEASURED IN PCT OF AREA BEARING,CALIFORNIA,2016,272,62
MEASURED IN PCT OF AREA BEARING,CALIFORNIA,2016,272,22
MEASURED IN PCT OF AREA BEARING,CALIFORNIA,2016,272,55
MEASURED IN PCT OF AREA BEARING,CALIFORNIA,2016,272,17
MEASURED IN PCT OF AREA BEARING,CALIFORNIA,2016,272,23
MEASURED IN PCT OF AREA BEARING,CALIFORNIA,2016,272,24
MEASURED IN PCT OF AREA BEARING,CALIFORNIA,2016,272,90
MEASURED IN PCT OF AREA BEARING,CALIFORNIA,2016,272,52
MEASURED IN PCT OF AREA BEARING,CALIFORNIA,2016,272,19
MEASURED IN PCT OF AREA BEARING,CALIFORNIA,2016,272,21
MEASURED IN PCT OF AREA BEARING,CALIFORNIA,2016,272,26
MEASURED IN PCT OF AREA BEARING,CALIFORNIA,2016,272,71
MEASURED IN $,FLORIDA,2018,12,0
MEASURED IN $,FLORIDA,2018,12,0
MEASURED IN $,FLORIDA,2016,12,0
MEASURED IN $ / CWT,FLORIDA,2019,76,152
MEASURED IN $ / CWT,FLORIDA,2018,76,115
MEASURED IN $ / CWT,FLORIDA,2018,76,115
MEASURED IN $ / CWT,FLORIDA,2018,76,0
MEASURED IN $ / CWT,FLORIDA,2017,76,140
MEASURED IN $ / CWT,FLORIDA,2016,76,166
MEASURED IN $ / CWT,FLORIDA,2016,76,166
MEASURED IN $ / CWT,FLORIDA,2016,76,0
MEASURED IN $ / CWT,FLORIDA,2015,76,119
MEASURED IN $ / CWT,FLORIDA,2015,76,119
MEASURED IN $ / TON,FLORIDA,2018,4,0
MEASURED IN CWT,FLORIDA,2019,38,0
MEASURED IN CWT,FLORIDA,2018,38,0
MEASURED IN CWT,FLORIDA,2018,38,0
MEASURED IN CWT,FLORIDA,2018,38,0
MEASURED IN CWT,FLORIDA,2018,38,0
MEASURED IN CWT,FLORIDA,2017,38,0
MEASURED IN CWT,FLORIDA,2016,38,0
MEASURED IN CWT,FLORIDA,2016,38,0
MEASURED IN CWT / ACRE,FLORIDA,2019,45,215
MEASURED IN CWT / ACRE,FLORIDA,2018,45,250
MEASURED IN CWT / ACRE,FLORIDA,2018,45,250
MEASURED IN CWT / ACRE,FLORIDA,2017,45,225
MEASURED IN CWT / ACRE,FLORIDA,2017,45,230
MEASURED IN CWT / ACRE,FLORIDA,2016,45,205
MEASURED IN CWT / ACRE,FLORIDA,2015,45,225
MEASURED IN LB,FLORIDA,2019,52,300
MEASURED IN LB,FLORIDA,2019,52,300
MEASURED IN LB,FLORIDA,2019,52,200
MEASURED IN LB,FLORIDA,2019,52,700
MEASURED IN LB,FLORIDA,2019,52,300
MEASURED IN LB,FLORIDA,2019,52,100
MEASURED IN LB,FLORIDA,2019,52,600
MEASURED IN LB,FLORIDA,2019,52,100
MEASURED IN LB,FLORIDA,2016,52,800
MEASURED IN LB,FLORIDA,2016,52,800
MEASURED IN LB / ACRE / APPLICATION,FLORIDA,2019,224,0.858
MEASURED IN LB / ACRE / APPLICATION,FLORIDA,2019,224,2.098
MEASURED IN LB / ACRE / APPLICATION,FLORIDA,2019,224,0.313
MEASURED IN LB / ACRE / APPLICATION,FLORIDA,2019,224,0.206
MEASURED IN LB / ACRE / APPLICATION,FLORIDA,2019,224,1.34
MEASURED IN LB / ACRE / APPLICATION,FLORIDA,2019,224,2.036
MEASURED IN LB / ACRE / APPLICATION,FLORIDA,2019,224,0.045
MEASURED IN LB / ACRE / APPLICATION,FLORIDA,2019,224,0.099
MEASURED IN LB / ACRE / APPLICATION,FLORIDA,2019,224,0.141
MEASURED IN LB / ACRE / APPLICATION,FLORIDA,2019,224,0.05
MEASURED IN LB / ACRE / APPLICATION,FLORIDA,2019,224,0.058
MEASURED IN LB / ACRE / APPLICATION,FLORIDA,2019,224,0.065
MEASURED IN LB / ACRE / APPLICATION,FLORIDA,2019,224,0.063
MEASURED IN LB / ACRE / APPLICATION,FLORIDA,2019,224,0.054
MEASURED IN LB / ACRE / APPLICATION,FLORIDA,2019,224,1
MEASURED IN LB / ACRE / APPLICATION,FLORIDA,2019,224,1
MEASURED IN LB / ACRE / APPLICATION,FLORIDA,2019,224,2
MEASURED IN LB / ACRE / APPLICATION,FLORIDA,2018,224,1.858
MEASURED IN LB / ACRE / APPLICATION,FLORIDA,2018,224,0.33
MEASURED IN LB / ACRE / APPLICATION,FLORIDA,2018,224,0.221
MEASURED IN LB / ACRE / APPLICATION,FLORIDA,2018,224,1.632
MEASURED IN LB / ACRE / APPLICATION,FLORIDA,2018,224,1
MEASURED IN LB / ACRE / APPLICATION,FLORIDA,2018,224,1
MEASURED IN LB / ACRE / APPLICATION,FLORIDA,2016,224,0.114
MEASURED IN LB / ACRE / APPLICATION,FLORIDA,2016,224,1.909
MEASURED IN LB / ACRE / APPLICATION,FLORIDA,2016,224,0.01
MEASURED IN LB / ACRE / APPLICATION,FLORIDA,2016,224,0.322
MEASURED IN LB / ACRE / APPLICATION,FLORIDA,2016,224,0.224
MEASURED IN LB / ACRE / APPLICATION,FLORIDA,2016,224,0.362
MEASURED IN LB / ACRE / APPLICATION,FLORIDA,2016,224,0.659
MEASURED IN LB / ACRE / APPLICATION,FLORIDA,2016,224,0.46
MEASURED IN LB / ACRE / APPLICATION,FLORIDA,2016,224,0.117
MEASURED IN LB / ACRE / APPLICATION,FLORIDA,2016,224,0.054
MEASURED IN LB / ACRE / APPLICATION,FLORIDA,2016,224,0.039
MEASURED IN LB / ACRE / YEAR,FLORIDA,2019,225,4.123
MEASURED IN LB / ACRE / YEAR,FLORIDA,2019,225,16.856
MEASURED IN LB / ACRE / YEAR,FLORIDA,2019,225,0.642
MEASURED IN LB / ACRE / YEAR,FLORIDA,2019,225,0.428
MEASURED IN LB / ACRE / YEAR,FLORIDA,2019,225,4.888
MEASURED IN LB / ACRE / YEAR,FLORIDA,2019,225,10.166
MEASURED IN LB / ACRE / YEAR,FLORIDA,2019,225,0.184
MEASURED IN LB / ACRE / YEAR,FLORIDA,2019,225,0.127
MEASURED IN LB / ACRE / YEAR,FLORIDA,2019,225,0.663
MEASURED IN LB / ACRE / YEAR,FLORIDA,2019,225,0.077
MEASURED IN LB / ACRE / YEAR,FLORIDA,2019,225,0.067
MEASURED IN LB / ACRE / YEAR,FLORIDA,2019,225,0.212
MEASURED IN LB / ACRE / YEAR,FLORIDA,2019,225,0.116
MEASURED IN LB / ACRE / YEAR,FLORIDA,2019,225,0.095
MEASURED IN LB / ACRE / YEAR,FLORIDA,2019,225,39
MEASURED IN LB / ACRE / YEAR,FLORIDA,2019,225,17
MEASURED IN LB / ACRE / YEAR,FLORIDA,2019,225,43
MEASURED IN LB / ACRE / YEAR,FLORIDA,2018,225,9.193
MEASURED IN LB / ACRE / YEAR,FLORIDA,2018,225,0.997
MEASURED IN LB / ACRE / YEAR,FLORIDA,2018,225,0.501
MEASURED IN LB / ACRE / YEAR,FLORIDA,2018,225,6.049
MEASURED IN LB / ACRE / YEAR,FLORIDA,2018,225,14
MEASURED IN LB / ACRE / YEAR,FLORIDA,2018,225,4
MEASURED IN LB / ACRE / YEAR,FLORIDA,2018,225,17
MEASURED IN LB / ACRE / YEAR,FLORIDA,2016,225,0.255
MEASURED IN LB / ACRE / YEAR,FLORIDA,2016,225,15.109
MEASURED IN LB / ACRE / YEAR,FLORIDA,2016,225,0.019
MEASURED IN LB / ACRE / YEAR,FLORIDA,2016,225,0.666
MEASURED IN LB / ACRE / YEAR,FLORIDA,2016,225,0.423
MEASURED IN LB / ACRE / YEAR,FLORIDA,2016,225,0.544
MEASURED IN LB / ACRE / YEAR,FLORIDA,2016,225,1.298
MEASURED IN LB / ACRE / YEAR,FLORIDA,2016,225,0.84
MEASURED IN LB / ACRE / YEAR,FLORIDA,2016,225,0.162
MEASURED IN LB / ACRE / YEAR,FLORIDA,2016,225,0.08
MEASURED IN LB / ACRE / YEAR,FLORIDA,2016,225,0.092
MEASURED IN NUMBER,FLORIDA,2019,247,4.8
MEASURED IN NUMBER,FLORIDA,2019,247,8
MEASURED IN NUMBER,FLORIDA,2019,247,2.1
MEASURED IN NUMBER,FLORIDA,2019,247,2.1
MEASURED IN NUMBER,FLORIDA,2019,247,3.6
MEASURED IN NUMBER,FLORIDA,2019,247,5
MEASURED IN NUMBER,FLORIDA,2019,247,4.1
MEASURED IN NUMBER,FLORIDA,2019,247,1.3
MEASURED IN NUMBER,FLORIDA,2019,247,4.7
MEASURED IN NUMBER,FLORIDA,2019,247,1.5
MEASURED IN NUMBER,FLORIDA,2019,247,1.2
MEASURED IN NUMBER,FLORIDA,2019,247,3.2
MEASURED IN NUMBER,FLORIDA,2019,247,1.8
MEASURED IN NUMBER,FLORIDA,2019,247,1.8
MEASURED IN NUMBER,FLORIDA,2019,247,28.7
MEASURED IN NUMBER,FLORIDA,2019,247,18.6
MEASURED IN NUMBER,FLORIDA,2019,247,25.2
MEASURED IN NUMBER,FLORIDA,2018,247,4.9
MEASURED IN NUMBER,FLORIDA,2018,247,3
MEASURED IN NUMBER,FLORIDA,2018,247,2.3
MEASURED IN NUMBER,FLORIDA,2018,247,3.7
MEASURED IN NUMBER,FLORIDA,2018,247,18
MEASURED IN NUMBER,FLORIDA,2018,247,17.6
MEASURED IN NUMBER,FLORIDA,2018,247,18
MEASURED IN NUMBER,FLORIDA,2016,247,2.2
MEASURED IN NUMBER,FLORIDA,2016,247,7.9
MEASURED IN NUMBER,FLORIDA,2016,247,1.8
MEASURED IN NUMBER,FLORIDA,2016,247,2.1
MEASURED IN NUMBER,FLORIDA,2016,247,1.9
MEASURED IN NUMBER,FLORIDA,2016,247,1.5
MEASURED IN NUMBER,FLORIDA,2016,247,2
MEASURED IN NUMBER,FLORIDA,2016,247,1.8
MEASURED IN NUMBER,FLORIDA,2016,247,1.4
MEASURED IN NUMBER,FLORIDA,2016,247,1.5
MEASURED IN NUMBER,FLORIDA,2016,247,2.4
MEASURED IN PCT OF AREA BEARING,FLORIDA,2019,272,29
MEASURED IN PCT OF AREA BEARING,FLORIDA,2019,272,88
MEASURED IN PCT OF AREA BEARING,FLORIDA,2019,272,64
MEASURED IN PCT OF AREA BEARING,FLORIDA,2019,272,64
MEASURED IN PCT OF AREA BEARING,FLORIDA,2019,272,21
MEASURED IN PCT OF AREA BEARING,FLORIDA,2019,272,54
MEASURED IN PCT OF AREA BEARING,FLORIDA,2019,272,95
MEASURED IN PCT OF AREA BEARING,FLORIDA,2019,272,15
MEASURED IN PCT OF AREA BEARING,FLORIDA,2019,272,18
MEASURED IN PCT OF AREA BEARING,FLORIDA,2019,272,13
MEASURED IN PCT OF AREA BEARING,FLORIDA,2019,272,11
MEASURED IN PCT OF AREA BEARING,FLORIDA,2019,272,35
MEASURED IN PCT OF AREA BEARING,FLORIDA,2019,272,16
MEASURED IN PCT OF AREA BEARING,FLORIDA,2019,272,46
MEASURED IN PCT OF AREA BEARING,FLORIDA,2019,272,55
MEASURED IN PCT OF AREA BEARING,FLORIDA,2019,272,16
MEASURED IN PCT OF AREA BEARING,FLORIDA,2019,272,97
MEASURED IN PCT OF AREA BEARING,FLORIDA,2019,272,17
MEASURED IN PCT OF AREA BEARING,FLORIDA,2019,272,83
MEASURED IN PCT OF AREA BEARING,FLORIDA,2019,272,52
MEASURED IN PCT OF AREA BEARING,FLORIDA,2019,272,91
MEASURED IN PCT OF AREA BEARING,FLORIDA,2018,272,96
MEASURED IN PCT OF AREA BEARING,FLORIDA,2018,272,33
MEASURED IN PCT OF AREA BEARING,FLORIDA,2018,272,33
MEASURED IN PCT OF AREA BEARING,FLORIDA,2018,272,37
MEASURED IN PCT OF AREA BEARING,FLORIDA,2018,272,100
MEASURED IN PCT OF AREA BEARING,FLORIDA,2018,272,37
MEASURED IN PCT OF AREA BEARING,FLORIDA,2018,272,100
MEASURED IN PCT OF AREA BEARING,FLORIDA,2018,272,97
MEASURED IN PCT OF AREA BEARING,FLORIDA,2018,272,100
MEASURED IN PCT OF AREA BEARING,FLORIDA,2016,272,95
MEASURED IN PCT OF AREA BEARING,FLORIDA,2016,272,99
MEASURED IN PCT OF AREA BEARING,FLORIDA,2016,272,11
MEASURED IN PCT OF AREA BEARING,FLORIDA,2016,272,97
MEASURED IN PCT OF AREA BEARING,FLORIDA,2016,272,97
MEASURED IN PCT OF AREA BEARING,FLORIDA,2016,272,62
MEASURED IN PCT OF AREA BEARING,FLORIDA,2016,272,98
MEASURED IN PCT OF AREA BEARING,FLORIDA,2016,272,100
MEASURED IN PCT OF AREA BEARING,FLORIDA,2016,272,96
MEASURED IN PCT OF AREA BEARING,FLORIDA,2016,272,44
MEASURED IN PCT OF AREA BEARING,FLORIDA,2016,272,94
MEASURED IN PCT OF AREA BEARING,FLORIDA,2016,272,96
MEASURED IN PCT OF AREA BEARING,FLORIDA,2016,272,99
MEASURED IN TONS,FLORIDA,2018,7,0
MEASURED IN TONS,FLORIDA,2018,7,0
MEASURED IN TONS,FLORIDA,2016,7,0
ACRES HARVESTED,MICHIGAN,2015,15,650
ACRES PLANTED,MICHIGAN,2015,12,800
MEASURED IN $ / CWT,MICHIGAN,2015,76,156
MEASURED IN CWT / ACRE,MICHIGAN,2015,45,43
ACRES HARVESTED,NEW YORK,2018,15,700
ACRES HARVESTED,NEW YORK,2018,15,700
ACRES HARVESTED,NEW YORK,2017,15,700
ACRES HARVESTED,NEW YORK,2015,15,800
ACRES PLANTED,NEW YORK,2018,12,800
ACRES PLANTED,NEW YORK,2018,12,800
ACRES PLANTED,NEW YORK,2015,12,960
MEASURED IN $,NEW YORK,2016,12,0
MEASURED IN $ / CWT,NEW YORK,2018,76,204
MEASURED IN $ / CWT,NEW YORK,2017,76,229
MEASURED IN $ / CWT,NEW YORK,2016,76,235
MEASURED IN $ / CWT,NEW YORK,2016,76,235
MEASURED IN $ / CWT,NEW YORK,2016,76,0
MEASURED IN $ / CWT,NEW YORK,2015,76,254
MEASURED IN $ / CWT,NEW YORK,2015,76,254
MEASURED IN CWT,NEW YORK,2018,38,200
MEASURED IN CWT,NEW YORK,2018,38,200
MEASURED IN CWT,NEW YORK,2016,38,0
MEASURED IN CWT,NEW YORK,2016,38,0
MEASURED IN CWT / ACRE,NEW YORK,2018,45,44
MEASURED IN CWT / ACRE,NEW YORK,2018,45,44
MEASURED IN CWT / ACRE,NEW YORK,2017,45,39
MEASURED IN CWT / ACRE,NEW YORK,2017,45,39
MEASURED IN CWT / ACRE,NEW YORK,2016,45,40
MEASURED IN CWT / ACRE,NEW YORK,2015,45,36
MEASURED IN $,NORTH CAROLINA,2018,12,0
MEASURED IN $,NORTH CAROLINA,2018,12,0
MEASURED IN $,NORTH CAROLINA,2016,12,0
MEASURED IN $ / CWT,NORTH CAROLINA,2018,76,171
MEASURED IN $ / CWT,NORTH CAROLINA,2018,76,171
MEASURED IN $ / CWT,NORTH CAROLINA,2018,76,0
MEASURED IN $ / CWT,NORTH CAROLINA,2017,76,166
MEASURED IN $ / CWT,NORTH CAROLINA,2017,76,168
MEASURED IN $ / CWT,NORTH CAROLINA,2017,76,51.9
MEASURED IN $ / CWT,NORTH CAROLINA,2016,76,187
MEASURED IN $ / CWT,NORTH CAROLINA,2016,76,187
MEASURED IN $ / CWT,NORTH CAROLINA,2016,76,0
MEASURED IN $ / CWT,NORTH CAROLINA,2015,76,164
MEASURED IN $ / CWT,NORTH CAROLINA,2015,76,164
MEASURED IN $ / TON,NORTH CAROLINA,2018,4,0
MEASURED IN CWT,NORTH CAROLINA,2018,38,0
MEASURED IN CWT,NORTH CAROLINA,2018,38,0
MEASURED IN CWT,NORTH CAROLINA,2018,38,0
MEASURED IN CWT,NORTH CAROLINA,2018,38,0
MEASURED IN CWT,NORTH CAROLINA,2017,38,0
MEASURED IN CWT,NORTH CAROLINA,2016,38,0
MEASURED IN CWT,NORTH CAROLINA,2016,38,0
MEASURED IN CWT / ACRE,NORTH CAROLINA,2018,45,125
MEASURED IN CWT / ACRE,NORTH CAROLINA,2018,45,125
MEASURED IN CWT / ACRE,NORTH CAROLINA,2017,45,135
MEASURED IN CWT / ACRE,NORTH CAROLINA,2017,45,135
MEASURED IN CWT / ACRE,NORTH CAROLINA,2016,45,120
MEASURED IN CWT / ACRE,NORTH CAROLINA,2015,45,130
MEASURED IN TONS,NORTH CAROLINA,2018,7,0
MEASURED IN TONS,NORTH CAROLINA,2018,7,0
MEASURED IN TONS,NORTH CAROLINA,2017,7,149
MEASURED IN TONS,NORTH CAROLINA,2017,7,150
ACRES HARVESTED,OHIO,2015,15,540
ACRES PLANTED,OHIO,2015,12,600
MEASURED IN $ / CWT,OHIO,2015,76,170
MEASURED IN $ / CWT,OHIO,2015,76,170
MEASURED IN CWT / ACRE,OHIO,2015,45,43
MEASURED IN $ / CWT,OREGON,2018,76,107
MEASURED IN $ / CWT,OREGON,2017,76,110
MEASURED IN $ / CWT,OREGON,2017,76,195
MEASURED IN $ / CWT,OREGON,2017,76,93.5
MEASURED IN $ / CWT,OREGON,2016,76,86.7
MEASURED IN $ / CWT,OREGON,2016,76,108
MEASURED IN $ / CWT,OREGON,2016,76,83
MEASURED IN $ / CWT,OREGON,2015,76,86
MEASURED IN $ / CWT,OREGON,2015,76,170
MEASURED IN $ / CWT,OREGON,2015,76,73
MEASURED IN CWT,OREGON,2018,38,700
MEASURED IN CWT,OREGON,2018,38,700
MEASURED IN CWT,OREGON,2017,38,0
MEASURED IN CWT,OREGON,2016,38,0
MEASURED IN CWT / ACRE,OREGON,2018,45,100
MEASURED IN CWT / ACRE,OREGON,2018,45,100
MEASURED IN CWT / ACRE,OREGON,2017,45,91
MEASURED IN CWT / ACRE,OREGON,2017,45,85
MEASURED IN CWT / ACRE,OREGON,2016,45,97
MEASURED IN CWT / ACRE,OREGON,2015,45,111
MEASURED IN LB,OREGON,2016,52,800
MEASURED IN PCT OF AREA BEARING,OREGON,2016,272,86
MEASURED IN PCT OF AREA BEARING,OREGON,2016,272,42
ACRES HARVESTED,OTHER STATES,2017,15,0
ACRES HARVESTED,OTHER STATES,2017,15,0
ACRES HARVESTED,OTHER STATES,2016,15,0
ACRES PLANTED,OTHER STATES,2017,12,0
ACRES PLANTED,OTHER STATES,2016,12,0
MEASURED IN $,OTHER STATES,2017,12,0
MEASURED IN $,OTHER STATES,2017,12,0
MEASURED IN $,OTHER STATES,2016,12,0
MEASURED IN $,OTHER STATES,2016,12,0
MEASURED IN $,OTHER STATES,2016,12,0
MEASURED IN $ / CWT,OTHER STATES,2019,76,129
MEASURED IN $ / CWT,OTHER STATES,2019,76,52.8
MEASURED IN $ / CWT,OTHER STATES,2018,76,211
MEASURED IN $ / CWT,OTHER STATES,2018,76,88.3
MEASURED IN $ / CWT,OTHER STATES,2017,76,0
MEASURED IN $ / CWT,OTHER STATES,2017,76,143
MEASURED IN $ / CWT,OTHER STATES,2017,76,69.1
MEASURED IN $ / CWT,OTHER STATES,2016,76,0
MEASURED IN $ / CWT,OTHER STATES,2016,76,0
MEASURED IN $ / CWT,OTHER STATES,2016,76,0
MEASURED IN $ / CWT,OTHER STATES,2015,76,173
MEASURED IN $ / CWT,OTHER STATES,2015,76,80
MEASURED IN CWT,OTHER STATES,2017,38,0
MEASURED IN CWT,OTHER STATES,2017,38,0
MEASURED IN CWT,OTHER STATES,2017,38,0
MEASURED IN CWT,OTHER STATES,2017,38,0
MEASURED IN CWT,OTHER STATES,2017,38,0
MEASURED IN CWT,OTHER STATES,2017,38,0
MEASURED IN CWT,OTHER STATES,2016,38,0
MEASURED IN CWT,OTHER STATES,2016,38,0
MEASURED IN CWT,OTHER STATES,2016,38,0
MEASURED IN CWT,OTHER STATES,2016,38,0
MEASURED IN CWT,OTHER STATES,2016,38,0
MEASURED IN CWT / ACRE,OTHER STATES,2017,45,0
MEASURED IN CWT / ACRE,OTHER STATES,2017,45,0
MEASURED IN CWT / ACRE,OTHER STATES,2016,45,0
ACRES HARVESTED,PENNSYLVANIA,2015,15,600
ACRES PLANTED,PENNSYLVANIA,2015,12,650
MEASURED IN $ / CWT,PENNSYLVANIA,2015,76,213
MEASURED IN $ / CWT,PENNSYLVANIA,2015,76,213
MEASURED IN CWT / ACRE,PENNSYLVANIA,2015,45,57
ACRES HARVESTED,WASHINGTON,2018,15,820
ACRES HARVESTED,WASHINGTON,2018,15,820
ACRES HARVESTED,WASHINGTON,2017,15,800
ACRES HARVESTED,WASHINGTON,2015,15,910
ACRES PLANTED,WASHINGTON,2018,12,900
ACRES PLANTED,WASHINGTON,2018,12,900
ACRES PLANTED,WASHINGTON,2015,12,950
MEASURED IN $ / CWT,WASHINGTON,2018,76,107
MEASURED IN $ / CWT,WASHINGTON,2017,76,107
MEASURED IN $ / CWT,WASHINGTON,2016,76,116
MEASURED IN $ / CWT,WASHINGTON,2016,76,205
MEASURED IN $ / CWT,WASHINGTON,2016,76,88
MEASURED IN $ / CWT,WASHINGTON,2015,76,112
MEASURED IN CWT,WASHINGTON,2018,38,300
MEASURED IN CWT,WASHINGTON,2018,38,300
MEASURED IN CWT / ACRE,WASHINGTON,2018,45,105
MEASURED IN CWT / ACRE,WASHINGTON,2018,45,105
MEASURED IN CWT / ACRE,WASHINGTON,2017,45,95
MEASURED IN CWT / ACRE,WASHINGTON,2017,45,95
MEASURED IN CWT / ACRE,WASHINGTON,2016,45,94
MEASURED IN CWT / ACRE,WASHINGTON,2015,45,77
MEASURED IN LB,WASHINGTON,2016,52,100
MEASURED IN LB,WASHINGTON,2016,52,200
MEASURED IN LB,WASHINGTON,2016,52,200
MEASURED IN LB / ACRE / APPLICATION,WASHINGTON,2016,224,0.276
MEASURED IN LB / ACRE / APPLICATION,WASHINGTON,2016,224,0.155
MEASURED IN LB / ACRE / APPLICATION,WASHINGTON,2016,224,0.228
MEASURED IN LB / ACRE / YEAR,WASHINGTON,2016,225,0.317
MEASURED IN LB / ACRE / YEAR,WASHINGTON,2016,225,0.27
MEASURED IN LB / ACRE / YEAR,WASHINGTON,2016,225,0.305
MEASURED IN NUMBER,WASHINGTON,2016,247,1.1
MEASURED IN NUMBER,WASHINGTON,2016,247,1.7
MEASURED IN NUMBER,WASHINGTON,2016,247,1.3
MEASURED IN PCT OF AREA BEARING,WASHINGTON,2016,272,53
MEASURED IN PCT OF AREA BEARING,WASHINGTON,2016,272,67
MEASURED IN PCT OF AREA BEARING,WASHINGTON,2016,272,79
MEASURED IN PCT OF AREA BEARING,WASHINGTON,2016,272,14
MEASURED IN PCT OF AREA BEARING,WASHINGTON,2016,272,60
MEASURED IN PCT OF AREA BEARING,WASHINGTON,2016,272,76
ACRES HARVESTED,WISCONSIN,2015,15,610
ACRES PLANTED,WISCONSIN,2015,12,790
MEASURED IN $ / CWT,WISCONSIN,2015,76,170
MEASURED IN $ / CWT,WISCONSIN,2015,76,170
MEASURED IN CWT / ACRE,WISCONSIN,2015,45,55
